type,name,notice,furigana
もえないごみ,ICレコーダー,電池は抜いてください。小型家電として拠点回収も行っています。 ,あ
もえないごみ,アイスクリームのスプーン（プラスチック製）,,あ
もえるごみ,アイスクリームのバー（木製）,,あ
プラマーク,アイスクリームの外袋（プラスチック製）,水で軽くすすいで出してください。簡単な水洗いで汚れが落ちない場合は「もえるごみ」の日に出してください。,あ
もえるごみ,アイスクリームの容器（紙製）,,あ
プラマーク,アイスクリームの容器（プラスチック製）,水で軽くすすいで出してください。簡単な水洗いで汚れが落ちない場合は「もえるごみ」の日に出してください。,あ
プラマーク,アイスクリームの容器のふた（プラスチック製）,水で軽くすすいで出してください。簡単な水洗いで汚れが落ちない場合は「もえるごみ」の日に出してください。,あ
もえないごみ,アイスクリーム用のスプーン（プラスチック製）,,あ
もえるごみ,アイスクリーム用のスプーン（木製）,,あ
プラマーク,アイスクリーム用のスプーンの外袋（プラスチック製）,,あ
もえないごみ,アイスピック,危険のないように先端をガムテープなどで巻いてください。,あ
もえないごみ,アイスホッケーのスティック,,あ
もえないごみ,アイロン,,あ
もえないごみ,アイロン台,,あ
プラマーク,アイロン用糊の容器（プラスチック製）,水で軽くすすいで出してください。簡単な水洗いで汚れが落ちない場合は「もえるごみ」の日に出してください。,あ
缶,空き缶（飲食用）,中をすすいでください。,あ
もえないごみ,空き缶（飲食用以外）,中身は必ず使い切ってください。食べ物・飲み物以外のものが入っていた缶は、リサイクルに適さないため「もえないごみ」の日に出してください。,あ
びん,空きびん（飲食用）,中をすすいでください。,あ
もえないごみ,空きびん（飲食用以外）,中身は必ず使いきってください。食べ物・飲み物以外のものが入っていたびんは、リサイクルに適さないため「もえないごみ」の日に出してください。,あ
もえないごみ,アクセサリー（金属製・プラスチック製）,,あ
もえないごみ,アクリル板,2m×1m以内の大きさに切ってください。1回の収集で2枚まででお願いします。,あ
もえるごみ,麻袋,,あ
もえないごみ,足ふきマット,,あ
もえないごみ,アタッシュケース,,あ
もえないごみ,アダプター（電気製品用）,小型家電として拠点回収も行っています。,あ
もえないごみ,圧力なべ,,あ
もえないごみ,穴あけパンチ,,あ
もえるごみ,油（植物性食用）,紙や布にしみ込ませるか、凝固剤で固めて出してください。拠点回収も行っています。,あ
もえるごみ,油（動物性食用）,紙や布にしみ込ませるか、凝固剤で固めて出してください。,あ
もえるごみ,油紙,古紙回収の日には出せません。カーボン紙・感熱紙・防水加工紙も同様です。,あ
もえないごみ,油こし容器,,あ
もえないごみ,油よけ,,あ
もえないごみ,雨合羽,,あ
もえないごみ,雨戸,1回の収集で2枚まででお願いします。,あ
もえないごみ,網（バーベキュー用など）,,あ
もえないごみ,網戸,1回の収集で2枚まででお願いします。,あ
プラマーク,飴の包装（プラスチック製）,水で軽くすすいで出してください。簡単な水洗いで汚れが落ちない場合は「もえるごみ」の日に出してください。,あ
もえないごみ,アルバム,留め具が金属やプラスチックでできているものが多いので、「もえないごみ」の日に出してください。,あ
もえないごみ,アルミサッシ,1回の収集で2枚まででお願いします。,あ
もえないごみ,アルミなべ（なべやきうどん等に使用されているもの）,,あ
もえないごみ,アルミホイルの刃（金属製）,,あ
もえないごみ,泡だて器（電動泡だて器・ハンドミキサー）,小型家電として拠点回収も行っています（回収箱の投入口に入るものに限ります）。,あ
もえないごみ,安全靴,,あ
もえないごみ,アンテナ,,あ
もえないごみ,アンプ（オーディオ用）,,あ
もえないごみ,按摩機（ハンディタイプ）,,あ
もえないごみ,ETC車載器,小型家電として拠点回収も行っています。,い
もえないごみ,育毛剤のびん,中身は必ず使い切ってください。食べ物・飲み物以外のものが入っていたびんは、リサイクルに適さないため「もえないごみ」の日に出してください。,い
もえないごみ,衣装缶,,い
もえないごみ,衣装ケース（金属製・プラスチック製）,,い
もえないごみ,椅子（金属製・プラスチック製・木製）,,い
もえないごみ,一輪車,ごみと分かるように貼り紙をしてください。,い
もえないごみ,一輪車（手押し車）,ごみと分かるように貼り紙をしてください。,い
びん,一升びん,中をすすいでください。,い
もえないごみ,一升びんのふた（金属製）,,い
プラマーク,一升びんのふた（プラスチック製）,,い
もえないごみ,一斗缶,中身は必ず使い切ってください。,い
もえないごみ,犬小屋（金属製・プラスチック製・木製）,収集車の投入口（110×50cm）に入るものに限ります。袋に入らないごみは1回の収集につき1世帯1点まででお願いします。収集車の投入口に入らないサイズのもの、または一度に複数出したい場合は有料臨時ごみ収集を申し込んでください。,い
もえないごみ,イヤホン,,い
もえるごみ,衣類（下着類）,金属等がついている場合は「もえないごみ」の日に出してください。,い
もえないごみ,入れ歯,,い
もえないごみ,印鑑（象牙・プラスチック製）,,い
もえるごみ,印鑑（木製）,,い
もえるごみ,インク,液体は収集できません。紙や布などにしみ込ませて、「もえるごみ」の日に出してください。,い
もえないごみ,インク（容器）,中身は必ず使い切ってください。,い
もえないごみ,インクカートリッジ,販売店等にリサイクルBOXが設置されている場合がありますので、確認の上そちらもご利用ください。,い
プラマーク,インクカートリッジの外袋（プラスチック製）,,い
プラマーク,インスタントラーメンの外袋,,い
プラマーク,インスタントラーメンのタレや具の袋,軽くすすいで出してください。簡単な水洗いで汚れが落ちない場合は「もえるごみ」の日に出してください。,い
もえるごみ,インスタントラーメンの容器（紙製）,汚れ、糊等が付着していてリサイクルできないため、古紙回収の日には出せません。,い
プラマーク,インスタントラーメンの容器（プラスチック製）,軽くすすいで出してください。簡単な水洗いで汚れが落ちない場合は「もえるごみ」の日に出してください。,い
もえないごみ,インスタントラーメンの容器のふた（アルミコーティング紙）,,い
もえないごみ,インラインスケート,,い
もえないごみ,ウィッグ,,う
もえないごみ,ウィンドファン,,う
もえるごみ,植木（径が5cm以下のもの）,長さ50cm、直径30cm程度の束にして、ひもでくくって出してください。1回の収集で3束まででお願いします。根についている土はふるい落としてください。,う
もえないごみ,植木鉢,,う
もえるごみ,ウエス,,う
プラマーク,ウォッシャー液の容器（プラスチック製）,軽くすすいで出してください。簡単な水洗いで汚れが落ちない場合は「もえるごみ」の日に出してください。,う
もえないごみ,浮き輪,空気は抜いてください。,う
もえないごみ,ウクレレ,,う
もえないごみ,うちわ（骨がプラスチック製のもの）,,う
もえるごみ,うちわ（骨が木製のもの）,,う
もえないごみ,腕時計,電池は抜いてください。小型家電として拠点回収も行っています。,う
プラマーク,うどん・そばの外袋（プラスチック製）,,う
もえないごみ,乳母車,ごみと分かるように貼り紙をしてください。,う
もえないごみ,羽毛ふとん,丸めてひもでくくってください。1回の収集で2枚まででお願いします。,う
もえないごみ,運動靴,,う
もえないごみ,エアーコンプレッサー,タンク内の空気を抜いてください。,え
もえないごみ,エアロバイク,収集車の投入口（110×50cm）に入るものに限ります。袋に入らないごみは1回の収集につき1世帯1点まででお願いします。収集車の投入口に入らないサイズのもの、または一度に複数出したい場合は有料臨時ごみ収集を申し込んでください。,え
もえないごみ,栄養ドリンクのキャップ（金属製）,,え
びん,栄養ドリンクのびん,中をすすいでください。,え
もえないごみ,ACアダプター,小型家電として拠点回収も行っています。,え
もえないごみ,SDカード,小型家電として拠点回収も行っています。出す場合は個人情報が含まれるデータは自己責任で削除してください。,え
もえないごみ,枝ばさみ,危険のないように刃の部分を厚紙などで巻いてください。,え
もえないごみ,エチケットブラシ,,え
もえないごみ,絵の具のチューブ容器（金属製）,,え
プラマーク,絵の具のチューブ容器（プラスチック製）,軽くすすいで出してください。簡単な水洗いで汚れが落ちない場合は「もえるごみ」の日に出してください。,え
もえないごみ,LED電球,危険のないように厚紙で包み、「割れ物」と表示してください。,え
もえないごみ,園芸用支柱,数本ある場合は、まとめてひもでくくってください。,え
もえないごみ,園芸用のビニールシート,,え
もえないごみ,エンジンオイルの缶,中身は必ず使い切ってから、ふたをはずした状態で出してください。,え
もえないごみ,円卓,収集車の投入口（110×50cm）に入るものに限ります。袋に入らないごみは1回の収集につき1世帯1点まででお願いします。収集車の投入口に入らないサイズのもの、または一度に複数出したい場合は有料臨時ごみ収集を申し込んでください。,え
もえないごみ,延長コード,小型家電として拠点回収も行っています。,え
もえるごみ,鉛筆,金属等がついている場合は「もえないごみ」の日に出してください。,え
もえないごみ,鉛筆削り,,え
もえないごみ,オイルガード（キッチン用）,ガラス製のものは、割れて飛び散らないようにダンボールを当てたり、ガムテープを貼ってください。,お
もえないごみ,オイルヒーター,,お
もえないごみ,応接セット(2人掛けまで）,袋に入らないごみは1回の収集につき1世帯1点まででお願いします。3人掛け以上の場合、または一度に複数出したい場合は有料臨時ごみ収集を申し込んでください。,お
もえないごみ,オーディオ製品,,お
もえないごみ,オーブントースター,,お
もえないごみ,オーブンレンジ,昭和50年前後までに製造されたものは、メーカーにＰＣＢなどの有毒物質が含まれているかを確認し、含まれている場合は、メーカーに除去してもらってから、「もえないごみ」の日に出してください。,お
もえないごみ,オール,,お
缶,お菓子の缶,,お
プラマーク,お菓子の外袋（プラスチック製）,水で軽くすすいで出してください。簡単な水洗いで汚れが落ちない場合は「もえるごみ」の日に出してください。,お
もえないごみ,置時計（アナログ）,電池は抜いてください。※電池の出し方について・・・P6,お
もえないごみ,置時計（デジタル）,電池は抜いてください。小型家電として拠点回収も行っています。,お
もえないごみ,おけ,,お
もえるごみ,おしぼり（紙製）,,お
もえるごみ,おしぼり（布製）,,お
もえないごみ,おたま（金属製・プラスチック製）,,お
もえるごみ,おたま（木製）,,お
もえるごみ,落ち葉,"1回の収集で3袋まででお願いします。
それより多い場合は有料臨時ごみ収集を申し込んでください。",お
もえるごみ,お茶パック,よく水切りをしてください。,お
もえるごみ,おてふき（紙製）,,お
プラマーク,おてふきの外袋（プラスチック製）,,お
もえないごみ,落としぶた（金属製）,,お
もえるごみ,落としぶた（木製）,,お
プラマーク,おにぎりの外装フィルム（プラスチック製）,軽くすすいで出してください。簡単な水洗いで汚れが落ちない場合は「もえるごみ」の日に出してください。,お
もえないごみ,斧,危険のないように刃の部分を厚紙などで包んでください。,お
もえないごみ,おひつ,,お
もえないごみ,おまる,汚物は取り除いて、トイレに流してから出してください。,お
もえないごみ,お面（プラスチック製）,,お
もえるごみ,オムツ,汚物は取り除いて、トイレに流してから出してください。,お
もえないごみ,おもちゃ,木製のものは「もえるごみ」の日に出してください。,お
もえないごみ,おもちゃ（電動のもの）,電池は抜いてください。小型家電として拠点回収も行っています。,お
もえないごみ,折りたたみ椅子,,お
もえないごみ,折りたたみ傘,,お
もえないごみ,オルガン（電子オルガンを含む）,鍵盤が1段のものは「もえないごみ」の日に出してください。鍵盤が2段以上のものは有料臨時ごみ収集を申し込んでください。,お
もえないごみ,オルゴール,,お
もえないごみ,おろし金,,お
もえないごみ,温水洗浄便座,,お
もえないごみ,温度計,,お
もえないごみ,温風ヒーター,,お
もえないごみ,カーオーディオ,小型家電として拠点回収も行っています（回収箱の投入口に入るものに限ります）。,か
もえるごみ,ガーゼ,,か
もえないごみ,カーテン,1回の収集で2枚まででお願いします。,か
もえないごみ,カーテンフック,,か
もえないごみ,カーテンレール,,か
もえないごみ,カーナビ,小型家電として拠点回収も行っています。,か
もえないごみ,カーペット,丸めてひもでくくってください。1回の収集で2枚まででお願いします。,か
もえるごみ,カーボン紙,古紙回収の日には出せません。油紙・感熱紙・防水加工紙も同様です。,か
もえるごみ,貝殻,石灰質のため、燃やすことが可能です。,か
もえないごみ,懐中電灯,電池は抜いてください。,か
もえないごみ,カイロ（使い捨て）,,か
もえないごみ,鏡,割れて飛び散らないようにダンボールを当てたり、ガムテープを貼ってください。,か
もえないごみ,かき氷機,,か
もえるごみ,角材（径が5cm以下のもの）,長さ50cm、直径30cm程度の束にして、ひもでくくってください。1回の収集で3束まででお願いします。,か
もえないごみ,学習机,天板の短い辺が110cm以下のものに限ります。上下分割できる場合は週を分けて出してください。天板の短い辺が110cmをこえるものや、一度に複数処分したい場合は、有料臨時ごみ収集を申し込んでください。,か
もえないごみ,額縁,割れて飛び散らないように、ガラス部分にダンボールを当てたり、ガムテープを貼ってください。,か
もえないごみ,掛け軸,,か
もえないごみ,掛け時計,電池は抜いてください。,か
もえないごみ,掛けふとん,丸めてひもでくくってください。1回の収集で2枚まででお願いします。,か
もえないごみ,かご類,ごみと分かるように貼り紙をしてください。,か
もえないごみ,傘,,か
もえないごみ,傘立て,,か
缶,菓子缶,,か
もえないごみ,加湿器,,か
プラマーク,菓子箱の中のトレー（プラスチック製）,水で軽くすすいで出してください。簡単な水洗いで汚れが落ちない場合は「もえるごみ」の日に出してください。,か
プラマーク,菓子袋（プラスチック製）,水で軽くすすいで出してください。簡単な水洗いで汚れが落ちない場合は「もえるごみ」の日に出してください。,か
もえないごみ,ガスコンロ,電池は抜いてください。,か
もえないごみ,ガス炊飯器,電池は抜いてください。,か
もえないごみ,ガスストーブ,電池は抜いてください。,か
もえないごみ,ガス湯沸かし器,電池は抜いてください。,か
もえないごみ,カセット式コンロ,カセットボンベ缶は抜いてください。,か
もえないごみ,カセットテープ,CD、MD、DVD、ブルーレイ、レコード、レーザーディスクも同様です。,か
もえないごみ,カセットデッキ,,か
もえないごみ,カセットボンベ缶,中身を使い切ってから、穴をあけずに、カセットボンベ缶だけを別袋に入れて、出してください。未使用の場合はカセットボンベお客様センターに相談してください。,か
もえないごみ,ガソリンタンク（金属製携帯缶）,中身を使い切ってから、ふたをはずした状態で出してください。,か
もえないごみ,楽器ケース,,か
もえないごみ,カッターナイフ,,か
もえないごみ,カッターナイフの刃,危険のないようにガムテープなどで巻いてください。,か
プラマーク,カップ麺の外装フィルム（プラスチック製）,,か
もえないごみ,カップ麺の紙ふた（アルミコーティング紙）,アルミコーティングされた紙は、リサイクルできないため、古紙回収の日には出せません。,か
プラマーク,カップ麺のタレや具の袋（プラスチック製）,水で軽くすすいで出してください。簡単な水洗いで汚れが落ちない場合は「もえるごみ」の日に出してください。,か
もえるごみ,カップ麺の容器（紙製）,汚れ・糊がついていてリサイクルできないため、古紙回収の日には出せません。,か
プラマーク,カップ麺の容器（プラスチック製）,水で軽くすすいで出してください。簡単な水洗いで汚れが落ちない場合は「もえるごみ」の日に出してください。,か
もえないごみ,かつら,,か
もえないごみ,家庭用ゲーム機,電池は抜いてください。小型家電として拠点回収も行っています。,か
もえるごみ,蚊取り線香,,か
もえないごみ,蚊取り線香の缶,食べ物・飲み物以外のものが入っていた缶は、リサイクルに適さないため「もえないごみ」の日に出してください。,か
もえないごみ,金づち,,か
もえないごみ,かばん,,か
もえないごみ,画板,,か
もえないごみ,画鋲,危険のないようにガムテープなどで巻いてください。,か
もえないごみ,花びん,ガラス製・陶磁器製のものは、割れて飛び散らないように新聞紙などで包んで、表に「割れ物」と表示してください。,か
もえないごみ,壁紙,,か
もえないごみ,鎌,危険のないように刃の部分を厚紙などで包んでください。,か
もえないごみ,がまぐち,,か
もえるごみ,かまぼこ板,,か
もえるごみ,紙おむつ,汚物は取り除いて、トイレに流してから出してください。,か
プラマーク,紙おむつの外袋（プラスチック製）,,か
もえるごみ,紙コップ,,か
プラマーク,紙コップの入った外袋（プラスチック製）,,か
もえるごみ,紙皿,,か
プラマーク,紙皿の入った外袋（プラスチック製）,,か
もえないごみ,かみそり,危険のないようにガムテープなどで包んでください。,か
もえるごみ,紙粘土,,か
もえるごみ,髪の毛,,か
もえるごみ,紙パック,パックの内側がアルミコーティングされているものは「もえないごみ」の日に出してください。拠点回収も行っています。スーパーなどで回収している場合もあります。,か
もえるごみ,紙やすり,,か
もえるごみ,ガムテープ,,か
もえないごみ,カメラ（アナログ）,電池は抜いてください。,か
もえないごみ,カメラ（デジタル）,電池は抜いてください。小型家電として拠点回収も行っています。 ,か
もえないごみ,カラーコーン,ごみと分かるように貼り紙をしてください。,か
もえないごみ,カラーボックス,,か
プラマーク,からしのチューブ容器（プラスチック製）,軽くすすいで出してください。簡単な水洗いで汚れが落ちない場合は「もえるごみ」の日に出してください。,か
もえないごみ,ガラス,割れて飛び散らないようにダンボールを当てたり、ガムテープを貼ってください。1回の収集で2枚まででお願いします。,か
もえるごみ,枯葉,1回の収集で3袋まででお願いします。それより多い場合は有料臨時ごみ収集を申し込んでください。,か
もえないごみ,蚊帳,,か
もえないごみ,革靴,,か
もえないごみ,瓦,1回の収集で2枚まででお願いします。,か
缶,缶,中身は必ず使い切ってください。食べ物や飲み物が入っていたものは、中をすすいで「缶」の日に出してください。それ以外のものは「もえないごみ」の日に出してください。,か
もえないごみ,換気扇,,か
もえないごみ,缶切り,,か
プラマーク,緩衝材（プラスチック製）,,か
もえないごみ,乾燥剤（シリカゲル）,,か
缶,缶詰,中をすすいでください。,か
もえるごみ,乾電池,乾電池だけを別袋に入れて、それだけを「もえるごみ」の日に出してください（充電池、ボタン電池は販売店や家電量販店等のリサイクルBOXへお持ち込みください）。,か
プラマーク,乾電池の包装フィルム（プラスチック製）,,か
もえないごみ,かんな,,か
もえるごみ,感熱紙,古紙回収の日には出せません。油紙・カーボン紙・防水加工紙も同様です。,か
もえないごみ,キーボード（楽器）,,き
もえないごみ,キーボード（パソコン用）,小型家電として拠点回収も行っています。,き
もえないごみ,キーホルダー,,き
もえないごみ,貴金属,,き
もえるごみ,木屑,,き
もえないごみ,ギター,,き
もえないごみ,ギターケース,,き
もえないごみ,キックボード,ごみと分かるように貼り紙をしてください。,き
もえないごみ,木づち,,き
もえないごみ,キッチンタイマー（アナログ）,,き
もえないごみ,キッチンタイマー（デジタル）,電池は抜いてください。小型家電として拠点回収も行っています。,き
もえるごみ,キッチンペーパー,,き
もえないごみ,キッチンマット,,き
もえないごみ,キッチンワゴン,,き
もえるごみ,木の枝（径が5cm以下のもの）,長さ50cm、直径30cm程度の束にして、ひもでくくってください。1回の収集で3束まででお願いします。,き
もえないごみ,着物,"城南衛生管理組合では、不要になった着物を引き取り、リサイクルしています。詳しくはエコ・ポート長谷山まで。
ＴＥＬ0774-56-5556（水・木曜日休館）",き
もえないごみ,脚立,折りたたんだ状態が長さ2ｍ以下のものに限ります。長さ2ｍをこえるものは有料臨時ごみ収集を申し込んでください。,き
もえないごみ,キャビネット,収集車の投入口（110×50cm）に入るものに限ります。袋に入らないごみは1回の収集につき1世帯1点まででお願いします。収集車の投入口に入らないサイズのもの、または一度に複数出したい場合は有料臨時ごみ収集を申し込んでください。,き
もえないごみ,キャリーケース,,き
もえないごみ,救急箱,,き
もえないごみ,急須,陶磁器製のものは、割れて飛び散らないように、新聞紙などで包んで表に「割れ物」と表示してください。,き
もえないごみ,給湯器,電池は抜いてください。,き
もえるごみ,牛乳パック,パックの内側がアルミコーティングされているものは「もえないごみ」の日に出してください。拠点回収も行っています。スーパーなどで回収している場合もあります。,き
もえないごみ,鏡台（ドレッサー）,収集車の投入口（110×50cm）に入るものに限ります。鏡の部分が割れて飛び散らないように、ダンボールを当てたりガムテープを貼ってください。袋に入らないごみは1回の収集につき1世帯1点まででお願いします。収集車の投入口に入らないサイズのもの、または一度に複数出したい場合は有料臨時ごみ収集を申し込んでください。,き
もえないごみ,きり,危険のないように先端部分をガムテープなどで包んでください。,き
もえないごみ,金魚鉢,ガラス製の場合は、割れて飛び散らないように新聞紙などで包んで、表に「割れ物」と表示してください。,き
もえないごみ,金庫（手提げ金庫）,,き
もえないごみ,金属バット,,き
もえないごみ,空気入れ（自転車用）,,く
もえないごみ,空気清浄機,,く
もえないごみ,クーハン（ベビーキャリー）,,く
もえないごみ,クーラーボックス,,く
もえないごみ,くぎ,危険のないようにガムテープなどで巻いてください。,く
もえるごみ,草,1回の収集で3袋まででお願いします。それより多い場合は有料臨時ごみ収集を申し込んでください。,く
もえないごみ,草刈機（手押し式）,,く
もえないごみ,草刈機（電動式）,,く
もえないごみ,鎖,袋に入れてください。,く
もえるごみ,串（木製）,危険のないようにガムテープなどで巻いてください。,く
もえるごみ,櫛（木製）,,く
もえないごみ,くず入れ,ごみと分かるように貼り紙をしてください。,く
プラマーク,薬の外装（プラスチック製）,,く
びん,薬のびん（飲み薬のびん）,中をすすいでください。,く
プラマーク,薬の容器（プラスチック製）,水で軽くすすいで出してください。簡単な水洗いで汚れが落ちない場合は「もえるごみ」の日に出してください。,く
プラマーク,薬の容器のふた（プラスチック製）,,く
プラマーク,果物のネット・パック・フィルム,,く
もえないごみ,口紅,,く
もえないごみ,靴,,く
缶,クッキー缶,,く
もえるごみ,靴下,,く
もえないごみ,クッション,,く
もえないごみ,靴べら,,く
もえないごみ,首輪,,く
もえないごみ,熊手,,く
もえないごみ,グラインダー,小型家電として拠点回収も行っています。（回収箱の投入口に入る物に限ります）。,く
もえないごみ,グラス,割れて飛び散らないように新聞紙などで包んで、表に「割れ物」と表示してください。,く
もえないごみ,クリアファイル,,く
もえないごみ,クリーニングの袋,プラマークの対象品目ではありません。,く
もえないごみ,クリスマスツリー（プラスチック製）,,く
もえないごみ,クリップ,,く
もえないごみ,車椅子,ごみと分かるように貼り紙をしてください。,く
もえないごみ,クレジットカード,防犯上、細かく切って出してください。,く
もえるごみ,クレヨン,,く
もえるごみ,グローブ（野球用）,,く
もえるごみ,軍手,,く
もえないごみ,蛍光管,割れて飛び散らないように、購入時に入っていた包装箱などに入れて、「もえないごみ」の日に出してください。拠点回収も行っています。,け
もえないごみ,蛍光ペン,,け
もえないごみ,携帯電話・PHS,小型家電として拠点回収も行っています。出す場合は個人情報が含まれるデータは自己責任で削除してください。,け
もえないごみ,計量カップ,,け
プラマーク,ケーキの保護フィルム（プラスチック製）,水で軽くすすいで出してください。簡単な水洗いで汚れが落ちない場合は「もえるごみ」の日に出してください。,け
もえないごみ,ケーブル,小型家電として拠点回収も行っています。,け
もえないごみ,ゲーム機本体,電池は抜いてください。小型家電として拠点回収も行っています。,け
もえないごみ,ゲームコントローラー,小型家電として拠点回収も行っています。,け
もえないごみ,ゲームソフト,小型家電として拠点回収も行っています（カセットのみ）。,け
もえないごみ,消しゴム,,け
プラマーク,消しゴムの外装フィルム（プラスチック製）,,け
もえないごみ,化粧品のびん,中身は必ず使い切ってください。食べ物・飲み物以外のものが入っていたびんは、リサイクルに適さないため「もえないごみ」の日に出してください。,け
プラマーク,化粧品の容器（プラスチック製）,水で軽くすすいで出してください。簡単な水洗いで汚れが落ちない場合は「もえるごみ」の日に出してください。,け
もえないごみ,下駄,,け
もえないごみ,下駄箱,収集車の投入口（110×50cm）に入るものに限ります。袋に入らないごみは1回の収集につき1世帯1点まででお願いします。収集車の投入口に入らないサイズのもの、または一度に複数出したい場合は有料臨時ごみ収集を申し込んでください。,け
プラマーク,ケチャップのキャップ・容器（プラスチック製）,水で軽くすすいで出してください。簡単な水洗いで汚れが落ちない場合は「もえるごみ」の日に出してください。,け
プラマーク,ケチャップの外袋（プラスチック製）,,け
もえないごみ,玄関マット,,け
もえないごみ,剣山,危険のないように厚紙などで包んでください。,け
もえないごみ,剣道の防具,,け
もえないごみ,鍵盤ハーモニカ,,け
もえないごみ,顕微鏡,,け
もえないごみ,碁石,,こ
もえないごみ,こいのぼり,,こ
もえないごみ,工具,,こ
もえないごみ,香水のびん,中身は必ず使い切ってください。食べ物・飲み物以外のものが入っていたびんは、リサイクルに適さないため「もえないごみ」の日に出してください。,こ
もえるごみ,紅茶（ティーパック）,よく水切りをしてください。,こ
プラマーク,紅茶パックの外袋（プラスチック製）,,こ
もえないごみ,ゴーグル,,こ
もえるごみ,コースター（紙製・木製）,,こ
もえないごみ,コースター（ゴム製・プラスチック製）,,こ
もえないごみ,コード類,小型家電として拠点回収も行っています。,こ
もえないごみ,コーヒーテーブル,収集車の投入口（110×50cm）に入るものに限ります。天板がガラスのものは、割れて飛び散らないようにダンボールを当てたり、ガムテープを貼ってください。袋に入らないごみは1回の収集につき1世帯1点まででお願いします。収集車の投入口に入らないサイズのもの、または一度に複数出したい場合は有料臨時ごみ収集を申し込んでください。,こ
缶,コーヒーの缶,,こ
びん,コーヒーのびん,中をすすいでください。,こ
プラマーク,コーヒーのびんのふた（プラスチック製）,,こ
もえないごみ,コーヒーメーカー,,こ
もえないごみ,コーン（パイロン）,ごみと分かるように貼り紙をしてください。,こ
もえないごみ,五月人形,,こ
もえないごみ,ござ,丸めてひもでくくってください。1回の収集で2枚まででお願いします。,こ
もえないごみ,こし器,,こ
もえないごみ,こたつ,収集車の投入口（110×50cm）に入るものに限ります。袋に入らないごみは1回の収集につき1世帯1点まででお願いします。収集車の投入口に入らないサイズのもの、または一度に複数出したい場合は有料臨時ごみ収集を申し込んでください。,こ
もえないごみ,こたつふとん,丸めてひもでくくってください。1回の収集で2枚まででお願いします。,こ
もえないごみ,コップ（ガラス製・陶磁器製）,割れて飛び散らないように新聞紙などで包んで、表に「割れ物」と表示してください。,こ
もえないごみ,琴,,こ
もえないごみ,五徳,,こ
缶,粉ミルクの缶,中をすすいでください。,こ
プラマーク,粉ミルクの缶のふた（プラスチック製）,,こ
もえないごみ,碁盤,,こ
もえないごみ,ごみネット（散乱防止用）,ごみと分かるように貼り紙をしてください。,こ
もえないごみ,ごみ箱（金属製・プラスチック製）,ごみと分かるように貼り紙をしてください。,こ
もえるごみ,ごみ箱（木製）,ごみと分かるように貼り紙をしてください。,こ
もえないごみ,ゴム,,こ
もえないごみ,ゴム手袋,,こ
もえないごみ,米びつ,,こ
もえるごみ,コルク（木製）,,こ
もえないごみ,コルク抜き,,こ
もえないごみ,コルセット,,こ
もえないごみ,ゴルフセット・バック,,こ
もえないごみ,ゴルフボール,,こ
もえないごみ,コンタクトレンズ,,こ
もえないごみ,コンタクトレンズの保存容器,プラマークの対象品目ではありません。,こ
もえないごみ,コンパス,,こ
もえないごみ,コンパネ（ベニヤ板）,2m×1m以内の大きさに切ってください。1回の収集で2枚まででお願いします。,こ
プラマーク,コンビニ弁当の容器（プラスチック製）,水で軽くすすいで出してください。簡単な水洗いで汚れが落ちない場合は「もえるごみ」の日に出してください。,こ
もえないごみ,コンポ（オーディオセット）,スピーカーと一体型でないものは、週を分けて出してください。,こ
もえないごみ,コンポスト容器,ごみと分かるように貼り紙をしてください。,こ
もえないごみ,サーフボード,2ｍ以下に切ってください。,さ
もえないごみ,サイクリングマシーン,,さ
もえないごみ,座椅子,,さ
もえないごみ,サイドボード,収集車の投入口（110×50cm）に入るものに限ります。袋に入らないごみは1回の収集につき1世帯1点まででお願いします。収集車の投入口に入らないサイズのもの、または一度に複数出したい場合は有料臨時ごみ収集を申し込んでください。,さ
もえないごみ,裁縫箱（金属製・プラスチック製）,,さ
もえるごみ,裁縫箱（木製）,金属等がついたものは「もえないごみ」の日に出してください。,さ
もえないごみ,サインペン,,さ
もえないごみ,サウナスーツ,,さ
もえないごみ,酒類の紙パック（中がアルミコーティングされたもの）,,さ
びん,酒類のびん,中をすすいでください。,さ
もえないごみ,座卓,収集車の投入口（110×50cm）に入るものに限ります。天板がガラスのものは、割れて飛び散らないようにダンボールを当てたり、ガムテープを貼ってください。袋に入らないごみは1回の収集につき1世帯1点まででお願いします。収集車の投入口に入らないサイズのもの、または一度に複数出したい場合は有料臨時ごみ収集を申し込んでください。,さ
もえないごみ,サッカーボール,空気を抜いてください。,さ
もえないごみ,サックス,,さ
もえるごみ,雑草,1回の収集で3袋まででお願いします。それより多い場合は有料臨時ごみ収集を申し込んでください。,さ
もえないごみ,殺虫剤のスプレー缶,中身を使い切ってから、穴をあけずに、スプレー缶だけを別袋に入れて、「もえないごみ」の日に出してください。,さ
もえないごみ,座ぶとん,1回の収集で2枚まででお願いします。,さ
もえるごみ,皿（紙製）,,さ
もえないごみ,皿（金属製・プラスチック製）,,さ
もえないごみ,皿（陶磁器製）,割れて飛び散らないように新聞紙などで包んで、表に「割れ物」と表示してください。,さ
もえるごみ,サラダ油,紙や布にしみ込ませるか、凝固剤で固めて出してください。拠点回収も行っています。,さ
プラマーク,サラダ油の容器（プラスチック製）,水で軽くすすいで出してください。簡単な水洗いで汚れが落ちない場合は「もえるごみ」の日に出してください。,さ
もえないごみ,サラダボール,,さ
もえないごみ,ざる（金属製・プラスチック製）,,さ
もえるごみ,ざる（竹製）,,さ
もえないごみ,三脚,,さ
もえないごみ,サングラス,,さ
もえないごみ,サンダル,,さ
もえないごみ,三輪車,ごみと分かるように貼り紙をしてください。,さ
もえないごみ,シーツ,,し
もえないごみ,CD,MD、DVD、ブルーレイ、レコード、レーザーディスクも同様です。,し
もえないごみ,CDケース,プラマークの対象品目ではありません。,し
もえないごみ,CDラジカセ,,し
もえないごみ,シェーバー（電気ひげ剃り）,小型家電として拠点回収も行っています。,し
びん,塩のびん,中をすすいでください。,し
もえないごみ,敷ぶとん,丸めてひもでくくってください。1回の収集で2枚まででお願いします。,し
もえないごみ,磁石,,し
もえるごみ,下着類,金属等がついている場合は「もえないごみ」の日に出してください。,し
もえないごみ,下敷き（プラスチック製）,,し
もえないごみ,七輪,,し
もえないごみ,湿布,,し
プラマーク,湿布の外袋（プラスチック製）,,し
もえないごみ,湿布のフィルム（プラスチック製）,プラマークの対象品目ではありません。,し
もえないごみ,自転車,ごみと分かるように貼り紙をしてください。,し
もえないごみ,自転車（電動）,必ずバッテリーをはずし、自転車本体にごみと分かるように貼り紙をしてください。はずしたバッテリーの処理は販売店に相談してください。,し
もえないごみ,自転車の空気入れ,,し
もえないごみ,自動パン焼き器,,し
もえないごみ,しびん,ガラス製のものは、割れて飛び散らないように新聞紙などで包んで、表に「割れ物」と表示してください。,し
もえないごみ,シャープペンシル,,し
プラマーク,シャープペンシルの芯ケース（プラスチック製）,,し
もえないごみ,蛇口,,し
もえるごみ,写真,古紙回収の日には出せません。,し
もえないごみ,写真立て,,し
もえないごみ,シャベル,,し
もえないごみ,三味線,,し
びん,ジャムのびん,中をすすいでください。,し
プラマーク,ジャムの容器（プラスチック製）,水で軽くすすいで出してください。簡単な水洗いで汚れが落ちない場合は「もえるごみ」の日に出してください。,し
もえないごみ,しゃもじ（プラスチック製）,,し
もえるごみ,しゃもじ（木製）,,し
もえないごみ,シャワーヘッド,,し
もえないごみ,ジャングルジム（子供用）,分解して、ひもでくくってまとめてください。,し
プラマーク,シャンプーの容器（プラスチック製）,水で軽くすすいで出してください。簡単な水洗いで汚れが落ちない場合は「もえるごみ」の日に出してください。,し
プラマーク,シャンプーの容器のポンプ部分（プラスチック製）,水で軽くすすいで出してください。簡単な水洗いで汚れが落ちない場合は「もえるごみ」の日に出してください。,し
もえないごみ,シャンプーハット,,し
もえないごみ,ジューサー,小型家電として拠点回収も行っています。,し
もえないごみ,シューズ,,し
缶,ジュースの缶,中をすすいでください。,し
びん,ジュースのびん,中をすすいでください。,し
もえないごみ,修正テープ・ペン,,し
もえないごみ,じゅうたん,丸めてひもでくくってください。1回の収集で2枚まででお願いします。,し
もえないごみ,充電器,電池は抜いてください。小型家電として拠点回収も行っています。,し
もえるごみ,柔道着,,し
プラマーク,柔軟剤の容器,水で軽くすすいで出してください。簡単な水洗いで汚れが落ちない場合は「もえるごみ」の日に出してください。,し
もえないごみ,収納ケース（プラスチック製）,,し
もえないごみ,重箱,木製のものは「もえるごみ」の日に出してください。,し
もえないごみ,シュレッダー,,し
もえるごみ,シュレッダーにかけた紙,,し
もえないごみ,定規（金属製・プラスチック製）,,し
もえるごみ,定規（竹製）,,し
もえないごみ,将棋の駒（プラスチック製）,,し
もえるごみ,将棋の駒（木製）,,し
もえないごみ,将棋盤,,し
もえないごみ,じょうご,,し
もえないごみ,障子,1回の収集で2枚まででお願いします。,し
プラマーク,消臭剤の容器（プラスチック製）,中身は取り除いてください。,し
もえないごみ,浄水器,,し
もえないごみ,浄水器のカートリッジ,,し
びん,焼酎の容器（ガラス製）,中をすすいでください。,し
ペットボトル,焼酎の容器（ペットボトル）,中をすすいでください。,し
もえないごみ,消毒液のびん,中身は必ず使い切ってください。食べ物・飲み物以外のものが入っていたびんは、リサイクルに適さないため「もえないごみ」の日に出してください。,し
もえないごみ,錠前,,し
もえないごみ,照明器具,電球・蛍光管は取りはずし、割れて飛び散らないように新聞紙などで包んで、表に「割れ物」と表示してください。,し
プラマーク,醤油の容器（プラスチック製）,水で軽くすすいで出してください。簡単な水洗いで汚れが落ちない場合は「もえるごみ」の日に出してください。,し
ペットボトル,醤油の容器（ペットボトル）,中をすすいでください。,し
もえないごみ,じょうろ,,し
もえないごみ,食卓,天板の短い辺が110cm以下のものに限ります。天板の短い辺が110cmをこえるものや、一度に複数処分したい場合は、有料臨時ごみ収集を申し込んでください。,し
プラマーク,食品トレー（プラスチック製）,水で軽くすすいで出してください。簡単な水洗いで汚れが落ちない場合は「もえるごみ」の日に出してください。,し
缶,食用油の缶,中をすすいでください。,し
びん,食用油のびん,中をすすいでください。,し
プラマーク,食用油の容器（プラスチック製）,水で軽くすすいで出してください。簡単な水洗いで汚れが落ちない場合は「もえるごみ」の日に出してください。,し
もえないごみ,除湿機,,し
もえないごみ,除湿剤（菓子用）,,し
プラマーク,除湿剤の容器（押入れ用）,たまった水や中身は取り除いてください。,し
もえないごみ,食器（金属製・プラスチック製）,,し
もえないごみ,食器（陶磁器製）,割れて飛び散らないように新聞紙などで包んで、表に「割れ物」と表示してください。,し
もえないごみ,食器洗い乾燥機,,し
プラマーク,食器洗剤の容器（プラスチック製）,水で軽くすすいで出してください。簡単な水洗いで汚れが落ちない場合は「もえるごみ」の日に出してください。,し
もえないごみ,食器棚（水屋）,収集車の投入口（110×50cm）に入るものに限ります。袋に入らないごみは1回の収集につき1世帯1点まででお願いします。上下分割できる場合は週を分けて出してください。収集車の投入口に入らないサイズのもの、または一度に複数出したい場合は有料臨時ごみ収集を申し込んでください。,し
もえないごみ,人工芝（プラスチック製）,,し
もえないごみ,シンナー類が入っていた缶・びん,中身を使い切ってから、ふたをはずした状態で「もえないごみ」に出してください。,し
もえるごみ,吸殻,必ず水で湿らせてください。,す
もえないごみ,水槽,割れて飛び散らないようにダンボールを当てたり、ガムテープを貼ってください。,す
もえないごみ,水槽用エアポンプ,小型家電として拠点回収も行っています。,す
もえないごみ,水中眼鏡,,す
もえないごみ,水筒,,す
もえないごみ,炊飯器,,す
もえないごみ,スーツケース,,す
もえないごみ,スキー板,1回の収集で1セット（2枚）まででお願いします。,す
もえないごみ,スキー靴,,す
もえないごみ,スキーのストック,,す
もえないごみ,スキャナ,小型家電として拠点回収も行っています（回収箱の投入口に入るものに限ります）。,す
もえないごみ,スクリーン（映写用）,,す
もえないごみ,スケートボード,ごみと分かるように貼り紙をしてください。,す
もえないごみ,スコップ,,す
もえないごみ,寿司おけ,,す
もえないごみ,寿司の中仕切り（プラスチック製）,プラマークの対象品目ではありません。,す
もえないごみ,すずり,,す
もえないごみ,すだれ,丸めてひもでくくってください。1回の収集で2枚まででお願いします。,す
もえないごみ,スタンドミラー,割れて飛び散らないようにダンボールを当てたり、ガムテープを貼ってください。,す
もえないごみ,スチール棚,収集車の投入口（110×50cm）に入るものに限ります。袋に入らないごみは1回の収集につき1世帯1点まででお願いします。収集車の投入口に入らないサイズのもの、または一度に複数出したい場合は有料臨時ごみ収集を申し込んでください。,す
もえないごみ,ステッキ,,す
もえないごみ,ステレオ,スピーカーと一体型でないものは、週を分けて出してください。,す
もえないごみ,ストーブ,灯油、電池が入っている場合は抜き取ってください。,す
もえるごみ,ストッキング,,す
もえないごみ,ストロー,プラマークの対象品目ではありません。,す
プラマーク,ストローの外袋（プラスチック製）,,す
もえないごみ,スニーカー,,す
もえないごみ,スノーボード,1回の収集で1枚まででお願いします。,す
もえないごみ,すのこ（プラスチック製・木製）,1回の収集で2枚まででお願いします。,す
もえないごみ,スパイクシューズ,,す
もえないごみ,スパナ,,す
もえないごみ,スピーカー,,す
もえないごみ,スプーン（金属製・プラスチック製）,,す
もえるごみ,スプーン（木製）,,す
もえないごみ,スプリングマット,シングルサイズまでは「もえないごみ」の日に出すことができます。セミダブル以上の大きさのものは有料臨時ごみ収集を申し込んでください。,す
もえないごみ,スプレー缶,中身を使い切ってから、穴をあけずに、スプレー缶だけを別袋に入れて、「もえないごみ」の日に出してください。,す
プラマーク,スプレー缶のふた（プラスチック製）,,す
もえないごみ,滑り台（室内用）,分解して、ひもでくくってまとめてください。,す
もえないごみ,スポーツバッグ,,す
もえないごみ,スポンジ,,す
もえないごみ,ズボンプレッサー,,す
もえないごみ,スマートフォン,小型家電として拠点回収も行っています。出す場合は個人情報が含まれるデータは自己責任で削除してください。,す
もえるごみ,炭・練炭,必ず水で湿らせてください。,す
もえないごみ,炭焼きコンロ,,す
もえないごみ,スリッパ,,す
もえないごみ,スリッパラック,,す
もえないごみ,すりばち,,す
もえないごみ,スロット台（家庭用）,収集車の投入口（110×50cm）に入るものに限ります。袋に入らないごみは1回の収集につき1世帯1点まででお願いします。収集車の投入口に入らないサイズのもの、または一度に複数出したい場合は有料臨時ごみ収集を申し込んでください。,す
プラマーク,整髪用品の容器（プラスチック製）,水で軽くすすいで出してください。簡単な水洗いで汚れが落ちない場合は「もえるごみ」の日に出してください。,せ
もえるごみ,生理用品,,せ
プラマーク,生理用品の外袋（プラスチック製）,,せ
もえないごみ,石油ストーブ,灯油、電池は抜き取ってください。,せ
もえるごみ,せっけん,,せ
もえないごみ,雪駄,,せ
もえないごみ,接着剤の容器（金属製）,,せ
もえるごみ,接着剤の容器（プラスチック製）,プラマークがついていても、中の汚れが落ちないため、「もえるごみ」の日に出してください。,せ
もえないごみ,瀬戸物,割れて飛び散らないように新聞紙などで包んで、表に「割れ物」と表示してください。,せ
プラマーク,ゼリーなどの容器（プラスチック製）,水で軽くすすいで出してください。簡単な水洗いで汚れが落ちない場合は「もえるごみ」の日に出してください。,せ
もえないごみ,セロハンテープ,,せ
もえないごみ,セロハンテープの台,,せ
プラマーク,洗顔料の容器（プラスチック製）,水で軽くすすいで出してください。簡単な水洗いで汚れが落ちない場合は「もえるごみ」の日に出してください。,せ
もえないごみ,洗剤の計量スプーン,プラマークの対象品目ではありません。,せ
プラマーク,洗剤の容器（プラスチック製）,水で軽くすすいで出してください。簡単な水洗いで汚れが落ちない場合は「もえるごみ」の日に出してください。,せ
もえないごみ,扇子,留め具に金属等が使われているため、「もえないごみ」の日に出してください。,せ
もえないごみ,洗濯かご（プラスチック製）,ごみと分かるように貼り紙をしてください。,せ
もえないごみ,洗濯ばさみ,,せ
もえるごみ,剪定枝（径が5cm以下のもの）,長さ50cm、直径30cm程度の束にして、ひもでくくって出してください。1回の収集で3束まででお願いします。,せ
もえないごみ,栓抜き,,せ
もえないごみ,扇風機,,せ
もえないごみ,洗面器,,せ
もえないごみ,造花,,そ
もえないごみ,双眼鏡,,そ
もえるごみ,ぞうきん,乾かしてから出してください。,そ
もえないごみ,掃除機,,そ
もえるごみ,掃除機の紙パック,,そ
もえるごみ,そうめんの木箱,,そ
もえないごみ,ぞうり（ゴム製）,,そ
プラマーク,ソースの容器（プラスチック製）,水で軽くすすいで出してください。簡単な水洗いで汚れが落ちない場合は「もえるごみ」の日に出してください。,そ
もえるごみ,ソックス,,そ
もえないごみ,外付けハードディスク,小型家電として拠点回収も行っています。出す場合は個人情報が含まれるデータは自己責任で削除してください。,そ
もえないごみ,ソファ,2人掛けまでは「もえないごみ」の日に出すことができます。3人掛け以上は有料臨時ごみ収集を申し込んでください。,そ
もえないごみ,ソファーベッド,ベッドの状態にしてシングルサイズの大きさまでは「もえないごみ」の日に出すことができます。出すときはベッドの状態にしてください。それ以上の大きさのものは有料臨時ごみ収集を申し込んでください。,そ
もえないごみ,ソフトボール,,そ
もえないごみ,そり,,そ
もえないごみ,そろばん（プラスチック製）,,そ
もえるごみ,そろばん（木製）,,そ
もえないごみ,体温計（アナログ）,,た
もえないごみ,体温計（デジタル）,小型家電として拠点回収も行っています。,た
もえないごみ,大工道具,,た
もえないごみ,太鼓,収集車の投入口（110×50cm）に入るものに限ります。袋に入らないごみは1回の収集につき1世帯1点まででお願いします。収集車の投入口に入らないサイズのもの、または一度に複数出したい場合は有料臨時ごみ収集を申し込んでください。,た
もえないごみ,台車,ごみと分かるように貼り紙をしてください。,た
もえないごみ,体重計（アナログ）,,た
もえないごみ,体重計（デジタル）,電池は抜いてください。小型家電として拠点回収も行っています（回収箱の投入口に入るものに限ります）。,た
もえないごみ,ダイニングテーブル,天板の短い辺が110cm以下のものに限ります。天板の短い辺が110cmをこえるものや、一度に複数処分したい場合は、有料臨時ごみ収集を申し込んでください。,た
もえないごみ,タイプライター,,た
もえないごみ,タイヤチェーン,袋に入れてください。,た
もえないごみ,タイル,,た
もえるごみ,タオル,,た
もえるごみ,タオルケット,,た
もえないごみ,高枝切りばさみ,危険のないように刃の部分を厚紙などで包んでください。,た
もえるごみ,竹,長さ50ｃｍ、直径30ｃｍ程度の束にしてひもでくくって出してください。1回の収集で3束まででお願いします。,た
もえないごみ,竹馬,,た
もえないごみ,竹ぼうき,ごみと分かるように貼り紙をしてください。,た
もえないごみ,たこ焼き器,,た
もえないごみ,脱衣かご,,た
もえないごみ,卓球のラケット,,た
プラマーク,脱臭剤の容器（プラスチック製）,中身は取り除いてください。,た
もえないごみ,タッパー,プラマークの対象品目ではありません。,た
もえないごみ,脱毛器,電池は抜いてください。,た
プラマーク,タバコの箱の外装フィルム（プラスチック製）,,た
もえないごみ,タバコの箱の中の銀紙,金属でコーティングされているため、「もえないごみ」の日に出してください。,た
もえないごみ,足袋,,た
もえるごみ,卵の殻,,た
プラマーク,卵のパック（プラスチック製）,,た
もえないごみ,卵焼き器（フライパン）,,た
もえないごみ,たらい,,た
もえないごみ,たわし,,た
もえないごみ,たんす,収集車の投入口（110×50cm）に入るものに限ります。袋に入らないごみは1回の収集につき1世帯1点まででお願いします。収集車の投入口に入らないサイズのもの、または一度に複数出したい場合は有料臨時ごみ収集を申し込んでください。,た
もえないごみ,チェーン　,袋に入れてください。,ち
もえないごみ,地球儀,,ち
もえないごみ,チャイム,,ち
もえないごみ,チャイルドシート,,ち
もえないごみ,茶釜,,ち
缶,茶筒（アルミ製・スチール製）,アルミ製・スチール製以外の金属製のものは「もえないごみ」の日に出してください。,ち
もえるごみ,茶筒（木製）,,ち
もえないごみ,茶碗（陶磁器製）,割れて飛び散らないように新聞紙などで包んで、表に「割れ物」と表示してください。,ち
もえないごみ,茶碗（プラスチック製）,,ち
もえないごみ,中華なべ,,ち
もえるごみ,注射器（在宅医療用で針を取りはずしたもの）,針は必ず取りはずして医療機関に返却してください。本体は衛生上の問題から「もえるごみ」の日に出してください。,ち
もえないごみ,彫刻刀,危険のないように刃の部分を厚紙などで包んでください。,ち
もえないごみ,ちょうつがい,,ち
びん,調味料のびん,中をすすいでください。,ち
プラマーク,調味料の容器（プラスチック製）,水で軽くすすいで「プラマーク」の日に出してください。簡単な水洗いで汚れが落ちない場合は「もえるごみ」の日に出してください。,ち
ペットボトル,調味料の容器（ペットボトル）,中をすすいでください。,ち
もえないごみ,調理器具（金属製・プラスチック製）,,ち
もえないごみ,貯金箱,,ち
もえないごみ,チョコレートのアルミ箔,,ち
もえるごみ,ちり紙,,ち
もえないごみ,ちりとり,ごみと分かるように貼り紙をしてください。,ち
もえないごみ,杖,,つ
もえないごみ,使い捨てカイロ,,つ
プラマーク,使い捨てカイロの外袋（プラスチック製）,,つ
もえないごみ,使い捨てライター,中身を使い切ってから、ライターだけを別袋に入れて、「もえないごみ」の日に出してください。,つ
もえないごみ,漬物樽,,つ
もえないごみ,つっぱり棒,,つ
もえないごみ,綱（ロープ）,袋に入れてください。,つ
もえないごみ,壷,割れて飛び散らないように新聞紙などで包んで、表に「割れ物」と表示してください。,つ
もえないごみ,積み木（プラスチック製）,,つ
もえるごみ,積み木（木製）,,つ
もえないごみ,爪切り,,つ
もえないごみ,釣糸,,つ
もえないごみ,釣竿,,つ
もえないごみ,つるはし,,つ
もえるごみ,ティーパック,よく水切りをしてください。,て
プラマーク,ティーパックの外袋（プラスチック製）,,て
もえないごみ,DVD,CD、MD、ブルーレイ、レコード、レーザーディスクも同様です。,て
もえないごみ,DVDプレーヤー,,て
もえないごみ,定期入れ,,て
もえないごみ,低周波治療器（家庭用）,,て
もえるごみ,ティッシュペーパー,,て
プラマーク,ティッシュペーパーの外袋（プラスチック製）,,て
もえないごみ,テープ（ビニール製）,紙テープの場合は「もえるごみ」の日に出してください。,て
もえないごみ,テーブルクロス（ナイロン製・布製）,,て
もえないごみ,テープレコーダー,,て
もえないごみ,手押し車,ごみと分かるように貼り紙をしてください。,て
もえないごみ,手鏡,割れて飛び散らないように新聞紙などで包んで、表に「割れ物」と表示してください。,て
もえないごみ,手提げ金庫,手提げでない場合は「金庫（大型）」を参照してください。,て
もえないごみ,デジタルカメラ,電池は抜いてください。小型家電として拠点回収も行っています。,て
もえないごみ,デスクマット,,て
もえないごみ,鉄アレイ,,て
もえないごみ,デッキブラシ,ごみと分かるように貼り紙をしてください。,て
もえないごみ,鉄板（バーベキュー用）,,て
もえないごみ,テニスボール,,て
もえないごみ,テニスのラケット,,て
もえるごみ,手袋（革製・毛糸製）,,て
もえないごみ,手袋（ゴム製）,,て
もえないごみ,テレビ台,収集車の投入口（110×50cm）に入るものに限ります。袋に入らないごみは1回の収集につき1世帯1点まででお願いします。収集車の投入口に入らないサイズのもの、または一度に複数出したい場合は有料臨時ごみ収集を申し込んでください。,て
もえないごみ,テレビのアンテナ,,て
もえないごみ,テレホンカード,,て
もえないごみ,電気あんか,,て
もえないごみ,電気カーペット,丸めてひもでくくってください。1回の収集で2枚まででお願いします。,て
もえないごみ,電気蚊取り,電池は抜いてください。,て
もえないごみ,電気ケトル,,て
もえないごみ,電気スタンド,,て
もえないごみ,電気ストーブ,,て
もえないごみ,電気ドリル,小型家電として拠点回収も行っています（回収箱の投入口に入るものに限ります）。,て
もえないごみ,電気ポット,,て
もえないごみ,電気毛布,1回の収集で2枚まででお願いします。,て
もえないごみ,電球,危険のないように厚紙で包み、「割れ物」と表示してください。,て
もえないごみ,電子オルガン,鍵盤が1段のものは「もえないごみ」の日に出してください。鍵盤が2段以上のものは有料臨時ごみ収集を申し込んでください。,て
もえないごみ,電子健康器具類（電子血圧計・体脂肪計等）,電池は抜いてください。小型家電として拠点回収も行っています。,て
もえないごみ,電子辞書,電池は抜いてください。小型家電として拠点回収も行っています。,て
もえないごみ,電子ジャー,,て
もえないごみ,電磁調理器,,て
もえないごみ,電子手帳,電池は抜いてください。小型家電として拠点回収も行っています。出す場合は個人情報は自己責任で削除してください。 ,て
もえないごみ,電子ピアノ,足の部分と本体が分割できるものは週を分けて出してください。収集車の投入口（110×50cm）に入るものに限ります。収集車の投入口に入らないサイズのもの、または一度に複数出したい場合は有料臨時ごみ収集を申し込んでください。,て
もえないごみ,電子レンジ,昭和50年前後までに製造されたものは、メーカーにＰＣＢなどの有毒物質が含まれているかを確認し、含まれている場合は、メーカーに除去してもらってから、「もえないごみ」の日に出してください。,て
もえないごみ,天体望遠鏡,,て
もえないごみ,電卓,電池は抜いてください。小型家電として拠点回収も行っています。,て
もえるごみ,電池（乾電池）,乾電池だけを別袋に入れて、それだけを「もえるごみ」の日に出してください（充電池、ボタン電池は販売店や家電量販店等のリサイクルBOXへお持ち込みください）。,て
もえるごみ,点滴用チューブ・パック(在宅医療用）,針は必ず取りはずして医療機関に返却してください。本体は衛生上の問題から「もえるごみ」の日に出してください。,て
もえないごみ,テント,,て
もえないごみ,電動自転車（自転車本体のみ）,必ずバッテリーをはずし、自転車本体にごみと分かるように貼り紙をしてください。はずしたバッテリーの処理は販売店に相談してください。,て
もえないごみ,電動ドライバー,小型家電として拠点回収も行っています。,て
もえないごみ,電動歯ブラシ,小型家電として拠点回収も行っています。,て
もえるごみ,てんぷら油,紙や布にしみ込ませるか、凝固剤で固めてから「もえるごみ」の日に出してください。拠点回収も行っています。,て
缶,てんぷら油の缶,中をすすいでください。,て
プラマーク,てんぷら油の容器（プラスチック製）,水で軽くすすいで出してください。簡単な水洗いで汚れが落ちない場合は「もえるごみ」の日に出してください。,て
もえないごみ,てんぷらなべ,,て
もえないごみ,電話機,小型家電として拠点回収も行っています。,て
もえないごみ,電話台,,て
もえないごみ,砥石,,と
プラマーク,トイレットペーパーの外袋（プラスチック製）,,と
もえないごみ,トイレの便座,,と
もえないごみ,トイレブラシ,,と
もえないごみ,投影機,,と
もえないごみ,陶磁器,割れて飛び散らないように新聞紙などで包んで、表に「割れ物」と表示してください。,と
もえないごみ,籐製品,,と
もえるごみ,透析用チューブ・パック(在宅医療用),針は必ず取りはずして医療機関に返却してください。本体は衛生上の問題から「もえるごみ」の日に出してください。,と
プラマーク,豆腐の容器（プラスチック製）,水で軽くすすいで出してください。簡単な水洗いで汚れが落ちない場合は「もえるごみ」の日に出してください。,と
もえないごみ,灯油のポリタンク,中身を使い切ってから、ふたをはずした状態で「もえないごみ」の日に出してください。ごみと分かるように貼り紙をしてください。,と
もえないごみ,灯油ポンプ,電池式の場合は電池を抜いてください。,と
もえないごみ,トースター,,と
もえないごみ,時計（アナログ）,,と
もえないごみ,時計（デジタル）,電池は抜いてください。小型家電として拠点回収も行っています。,と
もえないごみ,戸棚,収集車の投入口（110×50cm）に入るものに限ります。ガラス部分があれば、割れて飛び散らないようにダンボールを当てたり、ガムテープを貼ってください。袋に入らないごみは1回の収集につき1世帯1点まででお願いします。収集車の投入口に入らないサイズのもの、または一度に複数出したい場合は有料臨時ごみ収集を申し込んでください。,と
もえないごみ,トタン板,2ｍ×1ｍ以内の大きさに切って、丸めてひもでくくってください。1回の収集で2枚まででお願いします。,と
もえないごみ,土なべ,,と
もえないごみ,ドライバー,,と
もえないごみ,ドライヤー,小型家電として拠点回収も行っています。,と
もえないごみ,ドラムリールコード,,と
もえないごみ,トランク,,と
もえないごみ,トランシーバー,電池は抜いてください。,と
もえないごみ,トランプ（プラスチック製）,,と
もえないごみ,トランペット,,と
もえないごみ,鳥かご,,と
もえるごみ,塗料,液体は収集できません。紙や布などにしみ込ませて、「もえるごみ」の日に出してください。,と
もえないごみ,塗料缶・びん,中身は必ず使い切ってください。食べ物・飲み物以外が入っていた缶やびんは、リサイクルに適さないため「もえないごみ」の日に出してください。,と
びん,ドリンク剤のびん,中をすすいでください。,と
プラマーク,トレー（発泡スチロール）,水で軽くすすいで出してください。簡単な水洗いで汚れが落ちない場合は「もえるごみ」の日に出してください。,と
もえないごみ,トレー・盆（プラスチック製）,,と
もえるごみ,トレー・盆（木製）,,と
もえないごみ,トレーニングベンチ,,と
もえないごみ,ドレッサー（鏡台）,収集車の投入口（110×50cm）に入るものに限ります。鏡の部分が割れて飛び散らないように、ダンボールを当てたりガムテープを貼ってください。袋に入らないごみは1回の収集につき1世帯1点まででお願いします。収集車の投入口に入らないサイズのもの、または一度に複数出したい場合は有料臨時ごみ収集を申し込んでください。,と
びん,ドレッシングのびん,中をすすいでください。,と
プラマーク,ドレッシングの容器（プラスチック製）,水で軽くすすいで出してください。簡単な水洗いで汚れが落ちない場合は「もえるごみ」の日に出してください。,と
もえないごみ,トロフィー,,と
もえないごみ,とんかち,,と
もえないごみ,トング,,と
もえないごみ,どんぶり,割れて飛び散らないように新聞紙などで包んで、表に「割れ物」と表示してください。,と
もえないごみ,ナイフ,危険のないように刃の部分を厚紙などで包んでください。,な
もえないごみ,ナイロン袋(商品として購入したもの）,プラスチック製であっても、商品そのものはプラマークの対象品目ではありません。,な
プラマーク,苗のポット（プラスチック製）,水で軽くすすいで「プラマーク」の日に出してください。簡単な水洗いで汚れが落ちない場合は「もえるごみ」の日に出してください。,な
もえないごみ,長靴,,な
プラマーク,納豆の容器（プラスチック製）,水で軽くすすいで「プラマーク」の日に出してください。簡単な水洗いで汚れが落ちない場合は「もえるごみ」の日に出してください。,な
もえないごみ,なべ,,な
もえるごみ,なべしき（布製・木製）,,な
もえないごみ,なべしき（布製・木製以外）,,な
もえるごみ,なべつかみ（布製）,,な
もえないごみ,なべつかみ（布製以外）,,な
もえないごみ,なべやきうどんのアルミ箔なべ,,な
もえるごみ,生ごみ,よく水切りをしてください。,な
もえないごみ,生ごみ処理機,,な
もえないごみ,波板,2m×1ｍ以内の大きさに切って、丸めてひもでくくってください。1回の収集で2枚まででお願いします。,な
もえないごみ,縄跳び,,な
もえないごみ,ニスのびん,中身は必ず使い切ってください。食べ物・飲み物以外が入っていたびんは、リサイクルに適さないため「もえないごみ」の日に出してください。,に
もえるごみ,荷造りひも（紙製・布製）,,に
もえないごみ,荷造りひも（ビニール製）,,に
もえないごみ,ニッパー,,に
プラマーク,乳酸菌飲料の容器（プラスチック製）,水で軽くすすいで出してください。簡単な水洗いで汚れが落ちない場合は「もえるごみ」の日に出してください。,に
もえないごみ,入浴剤の缶,中身は必ず使い切ってください。食べ物・飲み物以外のものが入っていた缶は、リサイクルに適さないため「もえないごみ」の日に出してください。,に
もえるごみ,庭草,1回の収集で3袋まででお願いします。それより多い場合は有料臨時ごみ収集を申し込んでください。,に
もえないごみ,人形,,に
もえないごみ,人形ケース,割れて飛び散らないようにダンボールを当てたり、ガムテープを貼ってください。,に
もえないごみ,ぬいぐるみ,,ぬ
もえないごみ,縫い針,危険のないようにガムテープなどで巻いてください。,ぬ
もえるごみ,ぬか,よく水切りをしてください。,ぬ
もえないごみ,塗り薬のチューブ（金属製）,,ぬ
プラマーク,塗り薬のチューブ（プラスチック製）,水で軽くすすいで出してください。簡単な水洗いで汚れが落ちない場合は「もえるごみ」の日に出してください。,ぬ
プラマーク,ぬれティッシュの容器（プラスチック製）,,ぬ
もえないごみ,ネイル（つけ爪）,,ぬ
もえるごみ,ネクタイ,,ね
もえるごみ,ねこ砂（可燃性）,,ね
もえないごみ,ねこ砂（不燃性）,,ね
もえないごみ,ネジ・ナット・ボルト,,ね
もえないごみ,ネズミ捕り,,ね
プラマーク,ネット（果物・野菜収納用でプラスチック製のもの）,,ね
もえないごみ,寝袋,,ね
もえないごみ,粘着テープ,,ね
もえないごみ,粘土,紙粘土は「もえるごみ」の日に出してください。,ね
もえないごみ,のこぎり,危険のないように刃の部分を厚紙などで包んでください。,の
もえないごみ,のみ,危険のないように刃の部分を厚紙などで包んでください。,の
びん,飲み薬のびん,中をすすいでください。,の
プラマーク,飲み薬の容器（プラスチック製）,水で軽くすすいで出してください。簡単な水洗いで汚れが落ちない場合は「もえるごみ」の日に出してください。,の
缶,海苔の缶,,の
プラマーク,海苔の外袋（プラスチック製）,水で軽くすすいで出してください。簡単な水洗いで汚れが落ちない場合は「もえるごみ」の日に出してください。,の
びん,海苔のびん,中をすすいでください。,の
プラマーク,海苔の容器（プラスチック製）,水で軽くすすいで出してください。簡単な水洗いで汚れが落ちない場合は「もえるごみ」の日に出してください。,の
プラマーク,糊の容器（プラスチック製）,水で軽くすすいで出してください。簡単な水洗いで汚れが落ちない場合は「もえるごみ」の日に出してください。,の
もえるごみ,のれん,,の
もえないごみ,ハードディスク,"小型家電として拠点回収も行っています。
出す場合は個人情報が含まれるデータは自己責任で削除してください。",は
もえないごみ,バーベキューコンロ,,は
もえないごみ,バーベキューの網,,は
もえないごみ,ハーモニカ,,は
もえないごみ,バール,,は
もえないごみ,灰,水で湿らせてから、丈夫な袋（透明または白色の半透明で、中身が見える袋）に入れてください。,は
もえないごみ,バイオリン,,は
もえないごみ,バイオリンケース,,は
もえないごみ,灰皿,,は
もえるごみ,廃食油（植物性）,紙や布にしみ込ませるか、凝固剤で固めて出してください。拠点回収も行っています。,は
もえるごみ,廃食油（動物性）,紙や布にしみ込ませるか、凝固剤で固めて出してください。,は
もえないごみ,パイプ,2ｍ以下に切ってから、束ねてひもでくくってください。,は
もえないごみ,パイプ椅子,,は
もえないごみ,パイプベッド,分解して、ひもでくくってまとめてください。,は
もえないごみ,バインダー,,は
もえないごみ,バウンサー（ベビーチェア）,,は
もえるごみ,はがき,防犯上、細かく切って「もえるごみ」の日に出してください。未使用のものは「古紙回収」の日に出してください。,は
もえないごみ,はかり（アナログ）,,は
もえないごみ,はかり（デジタル）,電池は抜いてください。小型家電として拠点回収も行っています。,は
もえないごみ,はくせい,,は
もえないごみ,白熱電球,割れて飛び散らないように新聞紙などで包んで、表に「割れ物」と表示してください。,は
もえないごみ,刷毛,,は
もえないごみ,バケツ,ごみと分かるように貼り紙をしてください。,は
もえないごみ,羽子板,,は
もえないごみ,はさみ,危険のないように刃の部分を厚紙などで包んでください。,は
もえるごみ,箸（竹製・木製）,,は
もえないごみ,箸（プラスチック製）,,は
もえないごみ,箸置き（ガラス製・陶磁器製）,,は
もえるごみ,箸置き（木製）,,は
もえないごみ,はしご,長さ2ｍ以下のものに限ります。長さ2ｍをこえるものは有料臨時ごみ収集を申し込んでください。,は
もえないごみ,箸立て（金属製・プラスチック製）,,は
もえるごみ,箸立て（木製）,,は
もえないごみ,バスケット,,は
もえないごみ,バスケットボール,空気は抜いてください。,は
もえないごみ,バスポンプ（風呂水吸い上げ用）,小型家電として拠点回収も行っています。,は
もえるごみ,パズル（紙製）,,は
もえないごみ,パズル（プラスチック製）,,は
もえないごみ,パソコンラック,収集車の投入口（110×50cm）に入るものに限ります。袋に入らないごみは1回の収集につき1世帯1点まででお願いします。収集車の投入口に入らないサイズのもの、または一度に複数出したい場合は有料臨時ごみ収集を申し込んでください。,は
プラマーク,バター・マーガリンの容器（プラスチック製）,水で軽くすすいで「プラマーク」の日に出してください。簡単な水洗いで汚れが落ちない場合は「もえるごみ」の日に出してください。,は
もえないごみ,鉢,,は
もえないごみ,パチンコ台（家庭用）,収集車の投入口（110×50cm）に入るものに限ります。袋に入らないごみは1回の収集につき1世帯1点まででお願いします。収集車の投入口に入らないサイズのもの、または一度に複数出したい場合は有料臨時ごみ収集を申し込んでください。,は
もえないごみ,パッティンググリーン,,は
もえないごみ,バット,,は
もえるごみ,葉っぱ,1回の収集で3袋まででお願いします。それより多い場合は有料臨時ごみ収集を申し込んでください。,は
プラマーク,発泡スチロール（商品の梱包用）,,は
プラマーク,発泡トレー,水で軽くすすいで出してください。簡単な水洗いで汚れが落ちない場合は「もえるごみ」の日に出してください。,は
もえないごみ,バドミントンのシャトル,,は
もえないごみ,バドミントンのラケット,,は
もえるごみ,花,1回の収集で3袋まででお願いします。,は
もえるごみ,花火,1日程度水につけて、｢もえるごみ｣の日に出してください。,は
もえないごみ,パネルヒーター,,は
もえないごみ,歯ブラシ,,は
もえないごみ,歯ブラシ（電動式）,小型家電として拠点回収も行っています。,は
プラマーク,歯ブラシの包装（プラスチック製）,,は
プラマーク,歯みがき粉のチューブ容器（プラスチック製）,水で軽くすすいで出してください。簡単な水洗いで汚れが落ちない場合は「もえるごみ」の日に出してください。,は
もえないごみ,パラソル,,は
もえないごみ,パラソルハンガー（タコ足ハンガー）,,は
もえないごみ,パラボラアンテナ,,は
もえないごみ,バラン,プラマークの対象品目ではありません。,は
もえないごみ,針金,,は
もえないごみ,バリカン（電動式）,小型家電として拠点回収も行っています。,は
もえないごみ,ハロゲンヒーター,,は
プラマーク,パンの袋（プラスチック製）,,は
プラマーク,パンの袋の留め具（プラスチック製）,,は
もえないごみ,ハンガー,,は
もえるごみ,ハンカチ,,は
もえないごみ,飯ごう,,は
もえるごみ,半紙,未使用のものは「古紙回収」の日に出してください。,は
もえるごみ,絆創膏,,は
もえないごみ,はんだごて,,は
もえないごみ,パンチ（穴あけ用）,,は
もえないごみ,ハンドクリーナー,,は
もえないごみ,ハンドバッグ,,は
もえないごみ,ハンマー,,は
もえないごみ,パン焼き器,,は
もえないごみ,ピアノ（電子式）,足の部分と本体が分割できるものは週を分けて出してください。収集車の投入口（110×50cm）に入るものに限ります。収集車の投入口に入らないサイズのもの、または一度に複数出したい場合は有料臨時ごみ収集を申し込んでください。,ひ
もえないごみ,PHS（携帯電話）,"ごみ収集場所に出す場合は「もえないごみ」の日に出してください。
小型家電として拠点回収も行っています。
出す場合は個人情報が含まれるデータは自己責任で削除してください。",ひ
もえないごみ,PCケース（パソコン用）,,ひ
もえないごみ,ビーズクッション,,ひ
もえないごみ,ビー玉,,ひ
もえないごみ,ビーチサンダル,,ひ
もえないごみ,ビーチパラソル,,ひ
もえないごみ,ビーチボール,空気は抜いてください。,ひ
もえないごみ,ビート板,,ひ
もえないごみ,ピーラー,危険のないようにガムテープなどで包んでください。,ひ
びん,ビールびん,中をすすいでください。,ひ
もえないごみ,ビールびんのケース,できるだけ販売店での引き取りをお願いしてます。,ひ
もえないごみ,ビールびんのふた（金属製）,,ひ
もえないごみ,日傘,,ひ
もえないごみ,ひげ剃り,危険のないようにガムテープなどで包んでください。,ひ
もえないごみ,ひげ剃り（電動式）,小型家電として拠点回収も行っています（回収箱の投入口に入るものに限ります）。,ひ
もえるごみ,ひざ掛け,,ひ
もえないごみ,ビデオカメラ,小型家電として拠点回収も行っています。,ひ
もえないごみ,ビデオテープ,,ひ
もえないごみ,ビデオデッキ,,ひ
もえないごみ,雛檀,分解して、ひもでくくってまとめてください。,ひ
もえないごみ,雛人形,,ひ
もえないごみ,ビニールシート,ごみと分かるように貼り紙をしてください。,ひ
もえないごみ,ビニールテープ,,ひ
もえないごみ,ビニールプール,空気は抜いてください。,ひ
もえないごみ,ビニールホース,,ひ
もえないごみ,ビニールボート,空気は抜いてください。,ひ
もえないごみ,火ばさみ,,ひ
もえないごみ,火箸,,ひ
もえないごみ,火鉢,灰は水で湿らせてから、丈夫な袋（透明または白色の半透明で、中身が見える袋）に入れて、「もえないごみ」の日に出してください。,ひ
プラマーク,肥料袋,水で軽くすすいで出してください。簡単な水洗いで汚れが落ちない場合は「もえるごみ」の日に出してください。,ひ
びん,びん（飲食用）,中をすすいでください。,ひ
もえないごみ,びん（飲食用以外）,食べ物・飲み物以外のものが入っていたびんは、リサイクルに適さないため「もえないごみ」の日に出してください。,ひ
もえるごみ,便せん,防犯上、細かく切って「もえるごみ」の日に出してください。未使用のものは「古紙回収」の日に出してください。,ひ
もえないごみ,びんのふた（金属製）,,ひ
プラマーク,びんのふた（プラスチック製）,水で軽くすすいで出してください。簡単な水洗いで汚れが落ちない場合は「もえるごみ」の日に出してください。,ひ
もえないごみ,ファイル（プラスチック製）,,ふ
もえないごみ,ファックス（電話付）,小型家電として拠点回収も行っています（回収箱の投入口に入るものに限ります）。,ふ
もえないごみ,ファンシーケース,,ふ
もえないごみ,ファンヒーター（ガス式・灯油式）,灯油・電池は抜いてください。,ふ
もえないごみ,フィルム（ネガ）,,ふ
プラマーク,フィルムケース（プラスチック製）,,ふ
もえるごみ,封筒,防犯上、細かく切って「もえるごみ」の日に出してください。未使用のものは「古紙回収」の日に出してください。,ふ
もえないごみ,フードプロセッサー,小型家電として拠点回収も行っています（回収箱の投入口に入るものに限ります）。,ふ
もえないごみ,風鈴,ガラス製・陶磁器製のものは、割れて飛び散らないように新聞紙などで包んで、表に「割れ物」と書いてください。,ふ
もえないごみ,笛,,ふ
もえないごみ,フェルトペン,,ふ
もえないごみ,フォーク（金属製・プラスチック製）,,ふ
もえるごみ,フォーク（木製）,,ふ
もえないごみ,複合機（家庭用プリンター）,小型家電として拠点回収も行っています（回収箱の投入口に入るものに限ります）。,ふ
もえないごみ,ふすま,1回の収集で2枚まででお願いします。,ふ
もえないごみ,ブックエンド,,ふ
もえるごみ,筆（竹製・木製）,,ふ
もえないごみ,筆（プラスチック製）,,ふ
もえないごみ,筆箱（金属製・プラスチック製）,,ふ
もえるごみ,筆箱（竹製・木製）,,ふ
もえないごみ,ふとん,丸めてひもでくくってください。1回の収集で2枚まででお願いします。,ふ
もえないごみ,ふとん圧縮袋,プラマークの対象品目ではありません。,ふ
もえないごみ,ふとんカバー,,ふ
もえないごみ,ふとん乾燥機,,ふ
もえるごみ,ふとんたたき（竹製）,,ふ
もえないごみ,ふとんたたき（プラスチック製）,,ふ
もえないごみ,ふとんばさみ,,ふ
もえないごみ,踏み台,,ふ
もえないごみ,フライ返し,,ふ
もえないごみ,フライパン,,ふ
もえないごみ,ブラインド,1回の収集で1つまででお願いします。,ふ
もえないごみ,ぶら下がり健康器具,分解して、ひもでくくってまとめてください。,ふ
もえないごみ,ブラシ（プラスチック製）,,ふ
もえないごみ,プラスチック製の遊具等,分解して、ひもでくくってまとめてください。,ふ
もえないごみ,プラモデル,,ふ
もえないごみ,プランター,土は取り除いてください。,ふ
もえないごみ,フリスビー,,ふ
もえないごみ,プリンター（家庭用）,小型家電として拠点回収も行っています（回収箱の投入口に入るものに限ります）。インクカートリッジは抜いてください。,ふ
プラマーク,プリンの外装フィルム（プラスチック製）,,ふ
もえないごみ,プリンのふた（アルミ製）,,ふ
プラマーク,プリンのふた（プラスチック製）,水で軽くすすいで出してください。簡単な水洗いで汚れが落ちない場合は「もえるごみ」の日に出してください。,ふ
プラマーク,プリンの容器（プラスチック製）,水で軽くすすいで出してください。簡単な水洗いで汚れが落ちない場合は「もえるごみ」の日に出してください。,ふ
もえないごみ,ブルーシート,ごみと分かるように貼り紙をしてください。,ふ
もえないごみ,フルート,,ふ
もえないごみ,プロジェクター,,ふ
もえるごみ,風呂敷,,ふ
もえないごみ,ブロック（おもちゃ）,,ふ
もえないごみ,フロッピーディスク,個人情報が含まれるデータは自己責任で削除してください。,ふ
もえないごみ,風呂のおけ,,ふ
もえないごみ,風呂のふた,,ふ
もえないごみ,風呂のマット,,ふ
もえないごみ,ぶんちん,,ふ
もえないごみ,噴霧器,,ふ
もえないごみ,ヘアスプレー,中身を使い切ってから、穴をあけずに、スプレー缶だけを別袋に入れて、「もえないごみ」の日に出してください。,へ
もえないごみ,ヘアバンド（プラスチック製）,,へ
もえないごみ,ヘアブラシ（プラスチック製）,,へ
もえるごみ,ヘアブラシ（木製）,ブラシ部分がプラスチック製の場合は「もえないごみ」の日に出してください。,へ
プラマーク,ヘアワックスの容器（プラスチック製）,水で軽くすすいで出してください。簡単な水洗いで汚れが落ちない場合は「もえるごみ」の日に出してください。,へ
もえないごみ,ペーパーナイフ（金属製・プラスチック製）,危険のないように刃の部分を厚紙などで包んでください。,へ
もえないごみ,ペール（ごみ箱）,ごみと分かるように貼り紙をしてください。,へ
もえないごみ,ベッド（フレーム）,分解して、ひもでくくってまとめてください。,へ
もえないごみ,ベッド（マットレス）,シングルサイズまでは「もえないごみ」の日に出すことができます。セミダブル以上の大きさのものは有料臨時ごみ収集を申し込んでください。,へ
もえないごみ,ベッドカバー,,へ
もえないごみ,ペットケージ,分解して、ひもでくくってまとめてください。,へ
缶,ペットフードの缶,中をすすいでください。,へ
プラマーク,ペットフードの袋（プラスチック製）,水で軽くすすいで出してください。簡単な水洗いで汚れが落ちない場合は「もえるごみ」の日に出してください。,へ
ペットボトル,ペットボトル,中をすすいでください。,へ
プラマーク,ペットボトルキャップ,水で軽くすすいで出してください。拠点回収も行っています。,へ
プラマーク,ペットボトルのラベル,,へ
もえないごみ,ヘッドホン,,へ
もえないごみ,ベニヤ板,2m×1m以内の大きさに切ってください。1回の収集で2枚まででお願いします。,へ
もえないごみ,ベビーカー,,へ
もえないごみ,ベビーバス,,へ
もえないごみ,ベビーベッド,分解して、ひもでくくってまとめてください。,へ
もえないごみ,ヘルスメーター（アナログ）,,へ
もえないごみ,ヘルスメーター（デジタル）,電池は抜いてください。小型家電として拠点回収も行っています（回収箱の投入口に入るものに限ります）。,へ
もえるごみ,ベルト（皮革製）,バックルなどの金属部分は取り除いて、「もえないごみ」の日に出してください。,へ
もえないごみ,ベルト（ナイロン製・ビニール製）,,へ
もえないごみ,ヘルメット,,へ
もえるごみ,ペンキ,液体は収集できません。紙や布などにしみ込ませて、「もえるごみ」の日に出してください。,へ
もえないごみ,ペンキの缶,中身は必ず使い切ってください。食べ物・飲み物以外のものが入っていた缶は、リサイクルに適さないため「もえないごみ」の日に出してください。,へ
もえないごみ,ペンチ,,へ
もえないごみ,弁当箱（金属製・プラスチック製）,プラスチック製であっても、商品そのものはプラマークの対象品目ではありません。,へ
プラマーク,弁当容器（市販弁当でプラスチック製のもの）,水で軽くすすいで出してください。簡単な水洗いで汚れが落ちない場合は「もえるごみ」の日に出してください。,へ
もえないごみ,望遠鏡,,ほ
もえないごみ,ほうき,ごみと分かるように貼り紙をしてください。,ほ
もえないごみ,帽子,,ほ
もえるごみ,包装紙（油紙製・ビニールコート紙製）,,ほ
もえるごみ,包帯,,ほ
もえないごみ,包丁,危険のないように刃の部分を厚紙などで包んでください。,ほ
もえないごみ,包丁研ぎ,,ほ
もえないごみ,ボウル,,ほ
もえないごみ,ホース,ごみと分かるように貼り紙をしてください。,ほ
もえないごみ,ホースリール,,ほ
もえないごみ,ポータブル音楽プレ-ヤー,電池は抜いてください。小型家電として拠点回収も行っています。,ほ
もえないごみ,ポータブルDVDプレ-ヤー,電池は抜いてください。小型家電として拠点回収も行っています。,ほ
もえないごみ,ポータブルトイレ,汚物は取り除いて、トイレに流してから出してください。,ほ
もえないごみ,ホームベーカリー,,ほ
もえないごみ,ボーリングの玉,1回の収集につき1個まででお願いします。,ほ
もえないごみ,ボール,空気は抜いてください。,ほ
もえないごみ,ボールペン,,ほ
もえないごみ,ホーローなべ,,ほ
プラマーク,墨汁の容器（プラスチック製）,水で軽くすすいで出してください。簡単な水洗いで汚れが落ちない場合は「もえるごみ」の日に出してください。,ほ
もえないごみ,木刀,模造刀も「もえないごみ」の日に出してください。,ほ
もえないごみ,歩行器,,ほ
もえないごみ,補聴器,,ほ
もえないごみ,ホッチキス,,ほ
もえないごみ,ポット,,ほ
もえないごみ,ホットカーペット,丸めてひもでくくってください。1回の収集で2枚まででお願いします。,ほ
もえないごみ,ホットプレート,,ほ
もえないごみ,ホッピング,,ほ
もえないごみ,ボディーボード,,ほ
プラマーク,ポテトチップスの袋（プラスチック製）,水で軽くすすいで出してください。簡単な水洗いで汚れが落ちない場合は「もえるごみ」の日に出してください。,ほ
もえないごみ,哺乳びん,,ほ
もえないごみ,ポリタンク,中身を使い切ってから、ふたをはずした状態で「もえないごみ」の日に出してください。ごみと分かるように貼り紙をしてください。,ほ
もえないごみ,ポリバケツ,ごみと分かるように貼り紙をしてください。,ほ
もえないごみ,ポリ袋（商品として購入したもの）,プラスチック製であっても、商品そのものはプラマークの対象品目ではありません。,ほ
プラマーク,ポリ袋（商品を包装していたもの）,,ほ
もえないごみ,保冷剤,,ほ
もえないごみ,ホワイトボード,,ほ
もえるごみ,盆（木製）,,ほ
もえないごみ,盆（木製以外）,,ほ
もえるごみ,本立て（木製）,,ほ
もえないごみ,本立て（木製以外）,,ほ
もえないごみ,本棚,収集車の投入口（110×50cm）に入るものに限ります。袋に入らないごみは1回の収集につき1世帯1点まででお願いします。上下分割できる場合は週を分けて出してください。収集車の投入口に入らないサイズのもの、または一度に複数出したい場合は有料臨時ごみ収集を申し込んでください。,ほ
プラマーク,マーガリンの容器（プラスチック製）,水で軽くすすいで出してください。簡単な水洗いで汚れが落ちない場合は「もえるごみ」の日に出してください。,ま
もえないごみ,麻雀牌,,ま
もえないごみ,マイク,電池は抜いてください。,ま
もえないごみ,マイクスタンド,,ま
もえないごみ,マウス（パソコン用）,電池は抜いてください。小型家電として拠点回収も行っています。,ま
もえないごみ,マウスパッド,,ま
もえないごみ,マウスピース,,ま
もえないごみ,マガジンラック,,ま
もえないごみ,巻尺,,ま
もえないごみ,マグカップ,陶磁器製の場合は、割れて飛び散らないように新聞紙などで包んで、表に「割れ物」と表示してください。,ま
もえないごみ,枕,,ま
もえるごみ,孫の手（竹製・木製）,ゴム製の肩叩きが付属しているものは、「もえないごみ」の日に出してください。,ま
もえないごみ,孫の手（プラスチック製）,,ま
もえるごみ,ます（木製）,,ま
もえないごみ,マッサージ機（ハンディタイプ）,,ま
もえるごみ,マッチ,1日程度水につけて、｢もえるごみ｣の日に出してください。,ま
もえないごみ,マットレス,シングルサイズまでは「もえないごみ」の日に出すことができます。セミダブル以上の大きさのものは有料臨時ごみ収集を申し込んでください。,ま
もえないごみ,松葉杖,,ま
もえないごみ,窓ガラス,割れて飛び散らないようにダンボールを当てたり、ガムテープを貼ってください。1回の収集で2枚まででお願いします。,ま
もえないごみ,まな板（プラスチック製）,,ま
もえるごみ,まな板（木製）,,ま
もえないごみ,マニュキュアのびん,中身は必ず使い切ってください。食べ物・飲み物以外のものが入っていたびんは、リサイクルに適さないため「もえないごみ」の日に出してください。,ま
もえるごみ,マフラー（防寒具）,,ま
もえないごみ,魔法びん,,ま
プラマーク,マヨネーズのキャップ・容器（プラスチック製）,水で軽くすすいでしてください。簡単な水洗いで汚れが落ちない場合は「もえるごみ」の日に出してください。,ま
もえないごみ,丸椅子,,ま
もえないごみ,万年筆,,ま
もえないごみ,万歩計,電池は抜いてください。,ま
プラマーク,みかんのネット（プラスチック製）,,み
もえないごみ,ミシン（卓上）,,み
もえないごみ,水着,,み
もえないごみ,水切りコーナー,,み
もえないごみ,水差し,ガラス製・陶磁器製の場合は、割れて飛び散らないように新聞紙などで包んで、表に「割れ物」と表示してください。,み
もえないごみ,水枕,水は抜いてください。,み
もえないごみ,水屋（食器棚）,収集車の投入口（110×50cm）に入るものに限ります。ガラス部分があれば、割れて飛び散らないようにダンボールを当てたり、ガムテープを貼ってください。袋に入らないごみは1回の収集につき1世帯1点まででお願いします。収集車の投入口に入らないサイズのもの、または一度に複数出したい場合は有料臨時ごみ収集を申し込んでください。,み
プラマーク,みその容器（プラスチック製）,水で軽くすすいで出してください。簡単な水洗いで汚れが落ちない場合は「もえるごみ」の日に出してください。,み
もえないごみ,ミニカー,,み
もえないごみ,ミニコンポ,,み
もえるごみ,耳掻き（木製）,,み
もえないごみ,耳掻き（木製以外）,,み
びん,みりんのびん,中をすすいでください。,み
プラマーク,みりんの容器（プラスチック製）,水で軽くすすいで出してください。簡単な水洗いで汚れが落ちない場合は「もえるごみ」の日に出してください。,み
ペットボトル,みりんの容器（ペットボトル）,中をすすいでください。,み
缶,ミルクの缶,,み
もえないごみ,ムートン,,む
もえるごみ,麦わら帽子,,む
もえないごみ,虫かご（金属製・プラスチック製）,,む
もえるごみ,虫かご（竹製・木製）,,む
もえないごみ,蒸し器（金属製）,,む
もえるごみ,蒸し器（竹製・木製）,,む
もえないごみ,虫取り網,,む
もえないごみ,虫眼鏡,,む
もえないごみ,無線機,,め
もえないごみ,名刺入れ,,め
もえないごみ,眼鏡,,め
もえないごみ,眼鏡ケース,,め
もえないごみ,メガホン（プラスチック製）,,め
プラマーク,目薬の容器（プラスチック製）,中身は必ず使い切ってください。,め
もえないごみ,メジャー,,め
もえないごみ,メトロノーム,,め
もえないごみ,メモリーカード,小型家電として拠点回収も行っています。出す場合は個人情報が含まれるデータは自己責任で削除してください。,め
もえるごみ,綿棒,,め
もえないごみ,毛布,1回の収集で2枚まででお願いします。,も
もえるごみ,木材（径が5cm以下のもの）,長さ50cm、直径30cm程度の束にして、ひもでくくって出してください。1回の収集で3束まででお願いします。,も
もえるごみ,木炭,必ず水で湿らせてください。,も
もえないごみ,模型（プラスチック製）,,も
もえないごみ,もちつき器,,も
もえないごみ,モップ,ごみと分かるように貼り紙をしてください。,も
もえないごみ,モデム,小型家電として拠点回収も行っています。,も
もえないごみ,ものさし（金属製・プラスチック製）,,も
もえるごみ,ものさし（木製）,,も
もえないごみ,物干し竿,2ｍ以下に切ってから、束ねてひもでくくってください。,も
もえないごみ,モンキーレンチ,,も
もえないごみ,やかん,,や
もえないごみ,焼き肉用コンロ,,や
もえないごみ,野球のボール,,や
もえないごみ,薬品のびん,中身は必ず使い切ってください。食べ物・飲み物以外のものが入っていたびんは、リサイクルに適さないため「もえないごみ」の日に出してください。,や
プラマーク,野菜などの外袋（プラスチック製）,,や
もえないごみ,やすり,,や
もえないごみ,屋根瓦,1回の収集で2枚まででお願いします。,や
もえないごみ,有刺鉄線,危険のないように厚紙などで包んでください。,ゆ
もえないごみ,U字ロック,,ゆ
もえないごみ,郵便受け,,ゆ
もえないごみ,床下収納庫,,ゆ
もえないごみ,浴衣,,ゆ
もえるごみ,床ワックス,液体は収集できません。紙や布などにしみ込ませて、「もえるごみ」の日に出してください。,ゆ
プラマーク,床ワックスの容器（プラスチック製）,水で軽くすすいで出してください。簡単な水洗いで汚れが落ちない場合は「もえるごみ」の日に出してください。,ゆ
もえないごみ,油性ペン,,ゆ
もえないごみ,湯たんぽ,中身は抜いてください。,ゆ
もえないごみ,ゆりかご,,ゆ
もえないごみ,湯沸かし器,電池は抜いてください。,ゆ
もえないごみ,洋服だんす,収集車の投入口（110×50cm）に入るものに限ります。袋に入らないごみは1回の収集につき1世帯1点まででお願いします。収集車の投入口に入らないサイズのもの、または一度に複数出したい場合は有料臨時ごみ収集を申し込んでください。,よ
もえるごみ,洋服ブラシ（木製）,ブラシ部分がプラスチック製の場合は、「もえないごみ」の日に出してください。,よ
もえないごみ,洋服ブラシ（木製以外）,,よ
もえないごみ,ヨーグルトの付属スプーン（プラスチック製）,プラマークの対象品目ではありません。,よ
プラマーク,ヨーグルトの付属スプーンの外袋（プラスチック製）,,よ
もえるごみ,ヨーグルトの容器（紙製）,,よ
プラマーク,ヨーグルトの容器（プラスチック製）,水で軽くすすいで出してください。簡単な水洗いで汚れが落ちない場合は「もえるごみ」の日に出してください。,よ
もえないごみ,ヨーグルトの容器のふた（アルミ製）,,よ
プラマーク,ヨーグルトの容器のふた（プラスチック製）,水で軽くすすいで出してください。簡単な水洗いで汚れが落ちない場合は「もえるごみ」の日に出してください。,よ
もえないごみ,ヨーヨー,,よ
もえないごみ,ヨガマット,,よ
もえないごみ,よしず,丸めてひもでくくってください。1回の収集で2枚まででお願いします。,よ
もえないごみ,ライター,中身を使い切ってから、ライターだけを別袋に入れて、「もえないごみ」の日に出してください。,ら
もえないごみ,ラグビーボール,空気は抜いてください。,ら
もえないごみ,ラグマット,丸めてひもでくくってください。1回の収集で2枚まででお願いします。,ら
もえないごみ,ラケット,,ら
もえないごみ,ラジオ（ポータブル）,電池は抜いてください。小型家電として拠点回収も行っています。（回収箱の投入口に入るものに限ります）。,ら
もえないごみ,ラジカセ,,ら
もえないごみ,ラジコン,電池は抜いてください。小型家電として拠点回収も行っています。（回収箱の投入口に入るものに限ります）。,ら
もえないごみ,ラック,収集車の投入口（110×50cm）に入るものに限ります。袋に入らないごみは1回の収集につき1世帯1点まででお願いします。収集車の投入口に入らないサイズのもの、または一度に複数出したい場合は有料臨時ごみ収集を申し込んでください。,ら
もえないごみ,ラップ（商品として売られているもの）,プラスチック製であっても、商品そのものはプラマークの対象品目ではありません。,ら
プラマーク,ラップ（商品を包装していたもの）,水で軽くすすいで出してください。簡単な水洗いで汚れが落ちない場合は「もえるごみ」の日に出してください。,ら
もえないごみ,ラティス,1回の収集で2枚まででお願いします。,ら
もえないごみ,ラベルライター,,ら
もえないごみ,ラミネーター,,ら
びん,ラムネのびん,中をすすいでください。,ら
プラマーク,ラムネの容器（プラスチック製）,中をすすいでください。,ら
もえないごみ,LANケーブル,小型家電として拠点回収も行っています。,ら
もえないごみ,ランタン（ガスボンベ式）,ガスボンベは取り除き、使い切ってから他のスプレー缶・カセットボンベ缶とまとめて別袋に入れて、「もえないごみ」の日に出してください。,ら
もえるごみ,ランチョンマット（布製）,,ら
もえないごみ,ランチョンマット（布製以外）,,ら
もえないごみ,ランドセル,,ら
もえないごみ,ランニングシューズ,,ら
もえないごみ,リール,,り
もえないごみ,リクライニングチェア,,り
もえないごみ,リコーダー,,り
もえないごみ,リモコン,電池は抜いてください。小型家電として拠点回収も行っています。,り
もえないごみ,リュックサック,,り
プラマーク,リンスの詰め替え用容器（プラスチック製）,水で軽くすすいで出してください。簡単な水洗いで汚れが落ちない場合は「もえるごみ」の日に出してください。,り
プラマーク,リンスの容器（プラスチック製）,水で軽くすすいで出してください。簡単な水洗いで汚れが落ちない場合は「もえるごみ」の日に出してください。,り
もえないごみ,ルアー,,る
もえないごみ,ルーズリーフのバインダー（プラスチック製）,,る
もえないごみ,ルーフキャリア,収集車の投入口（110×50cm）に入るものに限ります。袋に入らないごみは1回の収集につき1世帯1点まででお願いします。収集車の投入口に入らないサイズのもの、または一度に複数出したい場合は有料臨時ごみ収集を申し込んでください。,る
もえないごみ,ルーフボックス,収集車の投入口（110×50cm）に入るものに限ります。袋に入らないごみは1回の収集につき1世帯1点まででお願いします。収集車の投入口に入らないサイズのもの、または一度に複数出したい場合は有料臨時ごみ収集を申し込んでください。,る
もえないごみ,ルーペ,,る
プラマーク,冷凍食品の袋（プラスチック製）,水で軽くすすいで出してください。簡単な水洗いで汚れが落ちない場合は「もえるごみ」の日に出してください。,れ
もえないごみ,レインコート,,れ
もえないごみ,レーザーディスク,CD、MD、DVD、ブルーレイ、レコードも同様です。,れ
もえないごみ,レコーダー（ビデオ・DVD・ブルーレイ）,,れ
もえないごみ,レコード,CD、MD、DVD、ブルーレイ、レーザーディスクも同様です。,れ
もえないごみ,レコードプレーヤー,,れ
もえるごみ,レシート,,れ
プラマーク,レジ袋,,れ
もえないごみ,レジャーシート,ごみと分かるように貼り紙をしてください。,れ
もえないごみ,レターオープナー,危険のないように刃の部分を厚紙などで包んでください。,れ
プラマーク,レトルト食品のパック（プラスチック製）,水で軽くすすいで出してください。簡単な水洗いで汚れが落ちない場合は「もえるごみ」の日に出してください。,れ
もえないごみ,れんげ,,れ
もえないごみ,レンジ（電子レンジ）,昭和50年前後までに製造されたものは、メーカーにＰＣＢなどの有毒物質が含まれているかを確認し、含まれている場合は、メーカーに除去してもらってから、「もえないごみ」の日に出してください。,れ
もえないごみ,レンジ台,,れ
もえないごみ,レンジフード（アルミ製）,,れ
もえないごみ,レンチ,,れ
もえないごみ,老眼鏡,,ろ
もえるごみ,ろうそく,,ろ
もえないごみ,ロープ,袋に入れてください。,ろ
もえないごみ,ローボード,収集車の投入口（110×50cm）に入るものに限ります。袋に入らないごみは1回の収集につき1世帯1点まででお願いします。収集車の投入口に入らないサイズのもの、または一度に複数出したい場合は有料臨時ごみ収集を申し込んでください。,ろ
もえないごみ,ローラースケート,,ろ
もえないごみ,ロールカーテン,1回の収集で1つまででお願いします。,ろ
もえないごみ,録画機器,,ろ
もえないごみ,ロッカー,収集車の投入口（110×50cm）に入るものに限ります。袋に入らないごみは1回の収集につき1世帯1点まででお願いします。収集車の投入口に入らないサイズのもの、または一度に複数出したい場合は有料臨時ごみ収集を申し込んでください。,ろ
もえないごみ,ロッキングチェアー,,ろ
もえないごみ,ワードプロセッサー,ノートパソコンと間違えないように、「ワープロ」と貼り紙をしてください。,わ
プラマーク,Yシャツの外袋（プラスチック製）,,わ
もえないごみ,ワイパー,,わ
もえないごみ,ワインオープナー,危険のないようにガムテープなどで巻いてください。,わ
びん,ワインのびん,中をすすいでください。,わ
もえないごみ,輪ゴム,,わ
もえないごみ,ワゴン,,わ
プラマーク,わさびのチューブ容器（プラスチック製）,水で軽くすすいで出してください。簡単な水洗いで汚れが落ちない場合は「もえるごみ」の日に出してください。,わ
もえないごみ,和だんす,収集車の投入口（110×50cm）に入るものに限ります。袋に入らないごみは1回の収集につき1世帯1点まででお願いします。上下分割できる場合は週を分けて出してください。収集車の投入口に入らないサイズのもの、または一度に複数出したい場合は有料臨時ごみ収集を申し込んでください。,わ
もえないごみ,和服,"城南衛生管理組合では、不要になった着物を引き取り、リサイクルしています。詳しくはエコ・ポート長谷山まで。
ＴＥＬ0774-56-5556（水・木曜日休館）",わ
もえるごみ,割り箸,,わ
プラマーク,割り箸の外袋（プラスチック製）,,わ
